"","Elo Rating","school","Rank"
"1",1935.52090840075,"Vanderbilt",1
"2",1920.36925875017,"North Carolina",2
"3",1892.21597259716,"Coastal Carolina",3
"4",1877.93706202292,"Tennessee",4
"5",1861.66650744058,"Northeastern",5
"6",1860.30351207024,"LSU",6
"7",1849.81413646245,"Clemson",7
"8",1848.96522536226,"Ole Miss",8
"9",1848.41456478369,"Arkansas",9
"10",1840.79659013055,"Texas",10
"11",1827.54062690471,"Oregon St.",11
"12",1824.01130324359,"Southern Miss.",12
"13",1822.70287031991,"Florida St.",13
"14",1821.1510816767,"Florida",14
"15",1812.42311631437,"Auburn",15
"16",1805.69785427913,"Georgia",16
"17",1801.83210064622,"Alabama",17
"18",1786.24218010041,"Arizona",18
"19",1785.02950268314,"Oklahoma",19
"20",1773.13109031091,"Texas A&M",20
"21",1771.8117730671,"Oregon",21
"22",1769.26506536289,"Duke",22
"23",1767.48693622062,"Georgia Tech",23
"24",1765.71365941745,"Creighton",24
"25",1765.33143838846,"Western Ky.",25
"26",1763.37265057588,"Kansas",26
"27",1762.92245830592,"Cal Poly",27
"28",1759.91433379967,"Nebraska",28
"29",1757.60454820385,"Mississippi St.",29
"30",1750.43027954465,"TCU",30
"31",1739.10888790703,"UC Irvine",31
"32",1737.11337899503,"ETSU",32
"33",1735.89529550313,"UCLA",33
"34",1722.73756110203,"Oklahoma St.",34
"35",1721.41695531665,"DBU",35
"36",1719.38494097865,"Kentucky",36
"37",1716.39905712419,"NC State",37
"38",1713.0335022897,"Virginia",38
"39",1708.49462976542,"Wake Forest",39
"40",1703.69687387292,"UConn",40
"41",1700.00987789597,"Murray St.",41
"42",1698.52584724889,"UTSA",42
"43",1693.34117565939,"West Virginia",43
"44",1692.57049457975,"East Carolina",44
"45",1685.78741216636,"Notre Dame",45
"46",1683.58115674156,"Jacksonville St.",46
"47",1680.95703323398,"Cincinnati",47
"48",1679.81333431561,"Miami (FL)",48
"49",1678.06213236885,"Louisville",49
"50",1670.76580639081,"UNCW",50
"51",1668.05524697895,"Southern California",51
"52",1662.88745589205,"Pittsburgh",52
"53",1662.46800772652,"Stetson",53
"54",1662.3869983504,"Indiana",54
"55",1657.88162999898,"Rhode Island",55
"56",1656.35330166953,"USC Upstate",56
"57",1656.08004885607,"Miami (OH)",57
"58",1653.81659147955,"FGCU",58
"59",1653.51530102988,"Saint Mary's (CA)",59
"60",1648.70852787637,"Virginia Tech",60
"61",1648.54563989374,"Kansas St.",61
"62",1644.63019350994,"Columbia",62
"63",1642.02939257579,"UC Santa Barbara",63
"64",1639.16597466199,"South Carolina",64
"65",1638.70083904952,"Col. of Charleston",65
"66",1638.24021680097,"Marshall",66
"67",1633.97236176513,"Hawaii",67
"68",1633.48566894136,"Troy",68
"69",1633.48448796863,"Houston",69
"70",1633.08509211434,"Charlotte",70
"71",1632.34465585609,"Tulane",71
"72",1631.0988509021,"Arizona St.",72
"73",1630.39870565884,"Penn St.",73
"74",1629.76757232403,"UCF",74
"75",1629.56384604689,"Boston College",75
"76",1625.04296940918,"Kennesaw St.",76
"77",1619.04634736921,"California",77
"78",1617.58213979507,"San Diego",78
"79",1617.07531019209,"UTRGV",79
"80",1616.24784312141,"BYU",80
"81",1613.31530832673,"Houston Christian",81
"82",1610.89967012363,"Xavier",82
"83",1604.76355305222,"Baylor",83
"84",1598.75448115044,"Austin Peay",84
"85",1597.70766382053,"Rutgers",85
"86",1592.78451166643,"Cal St. Fullerton",86
"87",1592.51158566574,"Fresno St.",87
"88",1591.83043529672,"Southeastern La.",88
"89",1591.51400978785,"Fairfield",89
"90",1591.08563769778,"Samford",90
"91",1590.15055315572,"Stanford",91
"92",1589.82227985904,"Wright St.",92
"93",1588.75258655992,"George Mason",93
"94",1585.49836941235,"Michigan",94
"95",1580.11554506669,"Bryant",95
"96",1579.86870007578,"Iowa",96
"97",1576.67049523862,"Fla. Atlantic",97
"98",1575.28924915302,"South Fla.",98
"99",1569.40320838516,"Washington",99
"100",1568.54238711333,"Kent St.",100
"101",1566.61051416565,"Lamar University",101
"102",1566.52449258243,"Purdue",102
"103",1566.11599274124,"Illinois",103
"104",1565.67722877324,"Texas Tech",104
"105",1563.01741473475,"Mercer",105
"106",1562.47541159943,"Maryland",106
"107",1562.08892367172,"Old Dominion",107
"108",1556.51860672674,"Toledo",108
"109",1554.04446338599,"Louisiana Tech",109
"110",1552.10013474269,"UC San Diego",110
"111",1552.09656786856,"Western Caro.",111
"112",1551.80351402235,"St. John's (NY)",112
"113",1549.17291665594,"High Point",113
"114",1549.12127472129,"Utah",114
"115",1548.98874095255,"Missouri St.",115
"116",1548.75472148145,"Northwestern St.",116
"117",1548.29392049202,"Liberty",117
"118",1545.83661254894,"McNeese",118
"119",1545.36674227523,"Louisiana",119
"120",1542.1362907794,"Bethune-Cookman",120
"121",1540.83509020885,"FIU",121
"122",1533.21345040537,"The Citadel",122
"123",1531.04358414027,"Utah Valley",123
"124",1530.71833561388,"Texas St.",124
"125",1530.07166972877,"Campbell",125
"126",1526.49582437091,"Abilene Christian",126
"127",1525.15469545124,"Wofford",127
"128",1524.72241928264,"Charleston So.",128
"129",1524.09844382417,"Minnesota",129
"130",1523.03553779333,"N.C. Central",130
"131",1522.40310958779,"Yale",131
"132",1521.90040382764,"La Salle",132
"133",1520.04106197559,"Rider",133
"134",1516.26906774808,"Arkansas St.",134
"135",1515.63659915143,"Northwestern",135
"136",1515.54212310993,"Oral Roberts",136
"137",1514.03780502131,"South Alabama",137
"138",1513.4530056076,"UNLV",138
"139",1511.13594421524,"UC Davis",139
"140",1509.06187239021,"UIC",140
"141",1507.63217113565,"Missouri",141
"142",1506.9278205513,"Binghamton",142
"143",1505.6964382189,"Jacksonville",143
"144",1505.63899548849,"Nevada",144
"145",1505.3066233336,"New Orleans",145
"146",1504.1509773024,"Eastern Ill.",146
"147",1503.3283285337,"Long Beach St.",147
"148",1502.56188277295,"Little Rock",148
"149",1501.19644050536,"Delaware",149
"150",1500.84791278712,"Michigan St.",150
"151",1498.58346336025,"LMU (CA)",151
"152",1497.698205227,"Ga. Southern",152
"153",1496.79360431054,"Tennessee Tech",153
"154",1495.08880409738,"Gonzaga",154
"155",1493.42063200723,"Saint Louis",155
"156",1493.08599280844,"Southern Ill.",156
"157",1492.412627125,"Richmond",157
"158",1491.41001459765,"Davidson",158
"159",1490.07467065503,"San Jose St.",159
"160",1487.28381337112,"St. Thomas (MN)",160
"161",1486.17747908595,"New Mexico",161
"162",1483.97269456102,"Ball St.",162
"163",1482.75163578457,"Stony Brook",163
"164",1478.08891554485,"Winthrop",164
"165",1477.80810758618,"Illinois St.",165
"166",1476.11264213233,"A&M-Corpus Christi",166
"167",1475.90556509867,"Seton Hall",167
"168",1474.03510893799,"Elon",168
"169",1473.803477767,"Grand Canyon",169
"170",1472.34385120383,"Army West Point",170
"171",1472.0729912545,"LIU",171
"172",1470.2046267678,"Wichita St.",172
"173",1466.55002359833,"California Baptist",173
"174",1465.78088927572,"Penn",174
"175",1461.98856428537,"Holy Cross",175
"176",1458.30802784256,"Central Conn. St.",176
"177",1456.31275909641,"Belmont",177
"178",1454.34497419683,"CSUN",178
"179",1452.82479845799,"James Madison",179
"180",1452.13647680549,"App State",180
"181",1452.09945251414,"Northern Ky.",181
"182",1449.82979327085,"Sacramento St.",182
"183",1449.32275216882,"Monmouth",183
"184",1448.02758667154,"Portland",184
"185",1447.53027113406,"UAB",185
"186",1446.89330637684,"Georgia St.",186
"187",1446.38644933903,"Saint Joseph's",187
"188",1446.31775450708,"North Dakota St.",188
"189",1446.20246727837,"Quinnipiac",189
"190",1445.84450799964,"Santa Clara",190
"191",1443.1720991227,"San Francisco",191
"192",1440.25361462905,"Tarleton St.",192
"193",1438.92861520033,"Middle Tenn.",193
"194",1438.72032411607,"Southeast Mo. St.",194
"195",1437.4221538817,"Bowling Green",195
"196",1436.72499245813,"UT Arlington",196
"197",1436.46527956819,"New Mexico St.",197
"198",1435.01980790305,"Southern Ind.",198
"199",1432.79959100336,"Marist",199
"200",1432.56682415672,"ULM",200
"201",1429.77967287602,"UNC Greensboro",201
"202",1429.69475788338,"SIUE",202
"203",1429.13580732814,"Nicholls",203
"204",1428.78968802613,"Memphis",204
"205",1427.31688465953,"Indiana St.",205
"206",1422.85278942961,"North Florida",206
"207",1422.50513597399,"North Ala.",207
"208",1422.37631166976,"Florida A&M",208
"209",1422.25741968,"Villanova",209
"210",1421.48108991436,"Evansville",210
"211",1420.13153512564,"Rice",211
"212",1419.24310499842,"Lindenwood",212
"213",1418.52698072316,"George Washington",213
"214",1417.84976725343,"Navy",214
"215",1417.56618698839,"Milwaukee",215
"216",1417.16169857581,"VMI",216
"217",1416.98057883478,"Sacred Heart",217
"218",1416.51406421445,"Radford",218
"219",1413.33814310883,"NJIT",219
"220",1412.96368840085,"Dayton",220
"221",1412.75808673339,"Hofstra",221
"222",1409.23988885562,"St. Bonaventure",222
"223",1409.14014606938,"Western Mich.",223
"224",1409.03064323197,"Utah Tech",224
"225",1405.13720838966,"Air Force",225
"226",1398.11884515677,"William & Mary",226
"227",1397.96759685987,"Alabama St.",227
"228",1396.08755050493,"San Diego St.",228
"229",1394.71147055316,"Ohio St.",229
"230",1391.00292723284,"VCU",230
"231",1390.16921241609,"Towson",231
"232",1389.82834734208,"West Ga.",232
"233",1381.15661890058,"Bradley",233
"234",1378.80419976118,"Manhattan",234
"235",1375.96967230018,"Harvard",235
"236",1374.54565532536,"Bucknell",236
"237",1374.07362990994,"Lipscomb",237
"238",1373.58660446744,"Mount St. Mary's",238
"239",1372.37012003172,"Wagner",239
"240",1371.75387153279,"Fordham",240
"241",1371.28073008751,"Maine",241
"242",1369.72485877602,"Niagara",242
"243",1369.12574330623,"SFA",243
"244",1368.72862782622,"Omaha",244
"245",1367.19406092986,"Sam Houston",245
"246",1366.17811320485,"Lehigh",246
"247",1365.86703882516,"Seattle U",247
"248",1365.53238977006,"NIU",248
"249",1361.1815731498,"UAlbany",249
"250",1361.11503714237,"CSU Bakersfield",250
"251",1360.74313184382,"Akron",251
"252",1357.18406189563,"Georgetown",252
"253",1355.27516984315,"N.C. A&T",253
"254",1350.80346544588,"Eastern Mich.",254
"255",1344.35698070669,"Grambling",255
"256",1341.4192064474,"UNC Asheville",256
"257",1339.65421970235,"Western Ill.",257
"258",1339.49087498038,"Washington St.",258
"259",1336.16254499317,"Jackson St.",259
"260",1335.02897944419,"Longwood",260
"261",1334.53226234699,"Central Mich.",261
"262",1334.32069942542,"Bellarmine",262
"263",1327.82941227157,"Princeton",263
"264",1323.65804928619,"Oakland",264
"265",1323.19349170158,"Butler",265
"266",1322.50539795119,"Central Ark.",266
"267",1321.02395594974,"UIW",267
"268",1319.35778287395,"Northern Colo.",268
"269",1318.87826001886,"Gardner-Webb",269
"270",1316.81969570432,"Ohio",270
"271",1316.38152627145,"UC Riverside",271
"272",1316.02526086447,"UMBC",272
"273",1313.99638413699,"Pacific",273
"274",1313.09210400295,"Dartmouth",274
"275",1311.54679297166,"Cornell",275
"276",1311.1760069483,"Merrimack",276
"277",1310.30279077312,"UMass Lowell",277
"278",1306.63167373866,"UT Martin",278
"279",1306.23593171098,"Le Moyne",279
"280",1305.19509718936,"Siena",280
"281",1301.23144361728,"Presbyterian",281
"282",1300.11118230601,"Lafayette",282
"283",1299.02930686198,"Brown",283
"284",1294.20907459553,"Iona",284
"285",1291.86785816215,"South Dakota St.",285
"286",1283.36895753005,"Canisius",286
"287",1273.16605592474,"Southern U.",287
"288",1273.13561495504,"Valparaiso",288
"289",1270.01071218713,"Queens (NC)",289
"290",1267.64729373148,"Pepperdine",290
"291",1266.84938352109,"Massachusetts",291
"292",1257.04985506563,"Stonehill",292
"293",1255.49024920164,"Morehead St.",293
"294",1249.45502201767,"Eastern Ky.",294
"295",1246.25835150596,"Mercyhurst",295
"296",1245.37741223908,"Youngstown St.",296
"297",1231.58482290503,"FDU",297
"298",1227.4101497986,"Ark.-Pine Bluff",298
"299",1209.88039256199,"Texas Southern",299
"300",1209.86861140733,"Purdue Fort Wayne",300
"301",1205.19592094846,"Hartford",301
"302",1193.48919501169,"Prairie View",302
"303",1147.90615634843,"Coppin St.",303
"304",1144.22536866323,"Saint Peter's",304
"305",1104.57453368159,"Delaware St.",305
"306",1050.94428167053,"Mississippi Val.",306
"307",991.815076941089,"UMES",307
"308",986.996847163932,"Alabama A&M",308
"309",977.778871252724,"Norfolk St.",309
"310",922.837893202488,"Alcorn",310
