"","final.elos(elo_optim)","school"
"1",1476.11264213233,"A&M-Corpus Christi"
"2",1526.49582437091,"Abilene Christian"
"3",1405.13720838966,"Air Force"
"4",1360.74313184382,"Akron"
"5",1801.83210064622,"Alabama"
"6",986.996847163932,"Alabama A&M"
"7",1397.96759685987,"Alabama St."
"8",922.837893202488,"Alcorn"
"9",1452.13647680549,"App State"
"10",1786.24218010041,"Arizona"
"11",1631.0988509021,"Arizona St."
"12",1227.4101497986,"Ark.-Pine Bluff"
"13",1848.41456478369,"Arkansas"
"14",1516.26906774808,"Arkansas St."
"15",1472.34385120383,"Army West Point"
"16",1812.42311631437,"Auburn"
"17",1598.75448115044,"Austin Peay"
"18",1483.97269456102,"Ball St."
"19",1604.76355305222,"Baylor"
"20",1334.32069942542,"Bellarmine"
"21",1456.31275909641,"Belmont"
"22",1542.1362907794,"Bethune-Cookman"
"23",1506.9278205513,"Binghamton"
"24",1629.56384604689,"Boston College"
"25",1437.4221538817,"Bowling Green"
"26",1381.15661890058,"Bradley"
"27",1299.02930686198,"Brown"
"28",1580.11554506669,"Bryant"
"29",1374.54565532536,"Bucknell"
"30",1323.19349170158,"Butler"
"31",1616.24784312141,"BYU"
"32",1762.92245830592,"Cal Poly"
"33",1592.78451166643,"Cal St. Fullerton"
"34",1619.04634736921,"California"
"35",1466.55002359833,"California Baptist"
"36",1530.07166972877,"Campbell"
"37",1283.36895753005,"Canisius"
"38",1322.50539795119,"Central Ark."
"39",1458.30802784256,"Central Conn. St."
"40",1334.53226234699,"Central Mich."
"41",1524.72241928264,"Charleston So."
"42",1633.08509211434,"Charlotte"
"43",1680.95703323398,"Cincinnati"
"44",1849.81413646245,"Clemson"
"45",1892.21597259716,"Coastal Carolina"
"46",1638.70083904952,"Col. of Charleston"
"47",1644.63019350994,"Columbia"
"48",1147.90615634843,"Coppin St."
"49",1311.54679297166,"Cornell"
"50",1765.71365941745,"Creighton"
"51",1361.11503714237,"CSU Bakersfield"
"52",1454.34497419683,"CSUN"
"53",1313.09210400295,"Dartmouth"
"54",1491.41001459765,"Davidson"
"55",1412.96368840085,"Dayton"
"56",1721.41695531665,"DBU"
"57",1501.19644050536,"Delaware"
"58",1104.57453368159,"Delaware St."
"59",1769.26506536289,"Duke"
"60",1692.57049457975,"East Carolina"
"61",1504.1509773024,"Eastern Ill."
"62",1249.45502201767,"Eastern Ky."
"63",1350.80346544588,"Eastern Mich."
"64",1474.03510893799,"Elon"
"65",1737.11337899503,"ETSU"
"66",1421.48108991436,"Evansville"
"67",1591.51400978785,"Fairfield"
"68",1231.58482290503,"FDU"
"69",1653.81659147955,"FGCU"
"70",1540.83509020885,"FIU"
"71",1576.67049523862,"Fla. Atlantic"
"72",1821.1510816767,"Florida"
"73",1422.37631166976,"Florida A&M"
"74",1822.70287031991,"Florida St."
"75",1371.75387153279,"Fordham"
"76",1592.51158566574,"Fresno St."
"77",1497.698205227,"Ga. Southern"
"78",1318.87826001886,"Gardner-Webb"
"79",1588.75258655992,"George Mason"
"80",1418.52698072316,"George Washington"
"81",1357.18406189563,"Georgetown"
"82",1805.69785427913,"Georgia"
"83",1446.89330637684,"Georgia St."
"84",1767.48693622062,"Georgia Tech"
"85",1495.08880409738,"Gonzaga"
"86",1344.35698070669,"Grambling"
"87",1473.803477767,"Grand Canyon"
"88",1205.19592094846,"Hartford"
"89",1375.96967230018,"Harvard"
"90",1633.97236176513,"Hawaii"
"91",1549.17291665594,"High Point"
"92",1412.75808673339,"Hofstra"
"93",1461.98856428537,"Holy Cross"
"94",1633.48448796863,"Houston"
"95",1613.31530832673,"Houston Christian"
"96",1566.11599274124,"Illinois"
"97",1477.80810758618,"Illinois St."
"98",1662.3869983504,"Indiana"
"99",1427.31688465953,"Indiana St."
"100",1294.20907459553,"Iona"
"101",1579.86870007578,"Iowa"
"102",1336.16254499317,"Jackson St."
"103",1505.6964382189,"Jacksonville"
"104",1683.58115674156,"Jacksonville St."
"105",1452.82479845799,"James Madison"
"106",1763.37265057588,"Kansas"
"107",1648.54563989374,"Kansas St."
"108",1625.04296940918,"Kennesaw St."
"109",1568.54238711333,"Kent St."
"110",1719.38494097865,"Kentucky"
"111",1521.90040382764,"La Salle"
"112",1300.11118230601,"Lafayette"
"113",1566.61051416565,"Lamar University"
"114",1306.23593171098,"Le Moyne"
"115",1366.17811320485,"Lehigh"
"116",1548.29392049202,"Liberty"
"117",1419.24310499842,"Lindenwood"
"118",1374.07362990994,"Lipscomb"
"119",1502.56188277295,"Little Rock"
"120",1472.0729912545,"LIU"
"121",1498.58346336025,"LMU (CA)"
"122",1503.3283285337,"Long Beach St."
"123",1335.02897944419,"Longwood"
"124",1545.36674227523,"Louisiana"
"125",1554.04446338599,"Louisiana Tech"
"126",1678.06213236885,"Louisville"
"127",1860.30351207024,"LSU"
"128",1371.28073008751,"Maine"
"129",1378.80419976118,"Manhattan"
"130",1432.79959100336,"Marist"
"131",1638.24021680097,"Marshall"
"132",1562.47541159943,"Maryland"
"133",1266.84938352109,"Massachusetts"
"134",1545.83661254894,"McNeese"
"135",1428.78968802613,"Memphis"
"136",1563.01741473475,"Mercer"
"137",1246.25835150596,"Mercyhurst"
"138",1311.1760069483,"Merrimack"
"139",1679.81333431561,"Miami (FL)"
"140",1656.08004885607,"Miami (OH)"
"141",1585.49836941235,"Michigan"
"142",1500.84791278712,"Michigan St."
"143",1438.92861520033,"Middle Tenn."
"144",1417.56618698839,"Milwaukee"
"145",1524.09844382417,"Minnesota"
"146",1757.60454820385,"Mississippi St."
"147",1050.94428167053,"Mississippi Val."
"148",1507.63217113565,"Missouri"
"149",1548.98874095255,"Missouri St."
"150",1449.32275216882,"Monmouth"
"151",1255.49024920164,"Morehead St."
"152",1373.58660446744,"Mount St. Mary's"
"153",1700.00987789597,"Murray St."
"154",1355.27516984315,"N.C. A&T"
"155",1523.03553779333,"N.C. Central"
"156",1417.84976725343,"Navy"
"157",1716.39905712419,"NC State"
"158",1759.91433379967,"Nebraska"
"159",1505.63899548849,"Nevada"
"160",1486.17747908595,"New Mexico"
"161",1436.46527956819,"New Mexico St."
"162",1505.3066233336,"New Orleans"
"163",1369.72485877602,"Niagara"
"164",1429.13580732814,"Nicholls"
"165",1365.53238977006,"NIU"
"166",1413.33814310883,"NJIT"
"167",977.778871252724,"Norfolk St."
"168",1422.50513597399,"North Ala."
"169",1920.36925875017,"North Carolina"
"170",1446.31775450708,"North Dakota St."
"171",1422.85278942961,"North Florida"
"172",1861.66650744058,"Northeastern"
"173",1319.35778287395,"Northern Colo."
"174",1452.09945251414,"Northern Ky."
"175",1515.63659915143,"Northwestern"
"176",1548.75472148145,"Northwestern St."
"177",1685.78741216636,"Notre Dame"
"178",1323.65804928619,"Oakland"
"179",1316.81969570432,"Ohio"
"180",1394.71147055316,"Ohio St."
"181",1785.02950268314,"Oklahoma"
"182",1722.73756110203,"Oklahoma St."
"183",1562.08892367172,"Old Dominion"
"184",1848.96522536226,"Ole Miss"
"185",1368.72862782622,"Omaha"
"186",1515.54212310993,"Oral Roberts"
"187",1771.8117730671,"Oregon"
"188",1827.54062690471,"Oregon St."
"189",1313.99638413699,"Pacific"
"190",1465.78088927572,"Penn"
"191",1630.39870565884,"Penn St."
"192",1267.64729373148,"Pepperdine"
"193",1662.88745589205,"Pittsburgh"
"194",1448.02758667154,"Portland"
"195",1193.48919501169,"Prairie View"
"196",1301.23144361728,"Presbyterian"
"197",1327.82941227157,"Princeton"
"198",1566.52449258243,"Purdue"
"199",1209.86861140733,"Purdue Fort Wayne"
"200",1270.01071218713,"Queens (NC)"
"201",1446.20246727837,"Quinnipiac"
"202",1416.51406421445,"Radford"
"203",1657.88162999898,"Rhode Island"
"204",1420.13153512564,"Rice"
"205",1492.412627125,"Richmond"
"206",1520.04106197559,"Rider"
"207",1597.70766382053,"Rutgers"
"208",1449.82979327085,"Sacramento St."
"209",1416.98057883478,"Sacred Heart"
"210",1446.38644933903,"Saint Joseph's"
"211",1493.42063200723,"Saint Louis"
"212",1653.51530102988,"Saint Mary's (CA)"
"213",1144.22536866323,"Saint Peter's"
"214",1367.19406092986,"Sam Houston"
"215",1591.08563769778,"Samford"
"216",1617.58213979507,"San Diego"
"217",1396.08755050493,"San Diego St."
"218",1443.1720991227,"San Francisco"
"219",1490.07467065503,"San Jose St."
"220",1445.84450799964,"Santa Clara"
"221",1365.86703882516,"Seattle U"
"222",1475.90556509867,"Seton Hall"
"223",1369.12574330623,"SFA"
"224",1305.19509718936,"Siena"
"225",1429.69475788338,"SIUE"
"226",1514.03780502131,"South Alabama"
"227",1639.16597466199,"South Carolina"
"228",1291.86785816215,"South Dakota St."
"229",1575.28924915302,"South Fla."
"230",1438.72032411607,"Southeast Mo. St."
"231",1591.83043529672,"Southeastern La."
"232",1668.05524697895,"Southern California"
"233",1493.08599280844,"Southern Ill."
"234",1435.01980790305,"Southern Ind."
"235",1824.01130324359,"Southern Miss."
"236",1273.16605592474,"Southern U."
"237",1409.23988885562,"St. Bonaventure"
"238",1551.80351402235,"St. John's (NY)"
"239",1487.28381337112,"St. Thomas (MN)"
"240",1590.15055315572,"Stanford"
"241",1662.46800772652,"Stetson"
"242",1257.04985506563,"Stonehill"
"243",1482.75163578457,"Stony Brook"
"244",1440.25361462905,"Tarleton St."
"245",1750.43027954465,"TCU"
"246",1877.93706202292,"Tennessee"
"247",1496.79360431054,"Tennessee Tech"
"248",1840.79659013055,"Texas"
"249",1773.13109031091,"Texas A&M"
"250",1209.88039256199,"Texas Southern"
"251",1530.71833561388,"Texas St."
"252",1565.67722877324,"Texas Tech"
"253",1533.21345040537,"The Citadel"
"254",1556.51860672674,"Toledo"
"255",1390.16921241609,"Towson"
"256",1633.48566894136,"Troy"
"257",1632.34465585609,"Tulane"
"258",1447.53027113406,"UAB"
"259",1361.1815731498,"UAlbany"
"260",1511.13594421524,"UC Davis"
"261",1739.10888790703,"UC Irvine"
"262",1316.38152627145,"UC Riverside"
"263",1552.10013474269,"UC San Diego"
"264",1642.02939257579,"UC Santa Barbara"
"265",1629.76757232403,"UCF"
"266",1735.89529550313,"UCLA"
"267",1703.69687387292,"UConn"
"268",1509.06187239021,"UIC"
"269",1321.02395594974,"UIW"
"270",1432.56682415672,"ULM"
"271",1310.30279077312,"UMass Lowell"
"272",1316.02526086447,"UMBC"
"273",991.815076941089,"UMES"
"274",1341.4192064474,"UNC Asheville"
"275",1429.77967287602,"UNC Greensboro"
"276",1670.76580639081,"UNCW"
"277",1513.4530056076,"UNLV"
"278",1656.35330166953,"USC Upstate"
"279",1436.72499245813,"UT Arlington"
"280",1306.63167373866,"UT Martin"
"281",1549.12127472129,"Utah"
"282",1409.03064323197,"Utah Tech"
"283",1531.04358414027,"Utah Valley"
"284",1617.07531019209,"UTRGV"
"285",1698.52584724889,"UTSA"
"286",1273.13561495504,"Valparaiso"
"287",1935.52090840075,"Vanderbilt"
"288",1391.00292723284,"VCU"
"289",1422.25741968,"Villanova"
"290",1713.0335022897,"Virginia"
"291",1648.70852787637,"Virginia Tech"
"292",1417.16169857581,"VMI"
"293",1372.37012003172,"Wagner"
"294",1708.49462976542,"Wake Forest"
"295",1569.40320838516,"Washington"
"296",1339.49087498038,"Washington St."
"297",1389.82834734208,"West Ga."
"298",1693.34117565939,"West Virginia"
"299",1552.09656786856,"Western Caro."
"300",1339.65421970235,"Western Ill."
"301",1765.33143838846,"Western Ky."
"302",1409.14014606938,"Western Mich."
"303",1470.2046267678,"Wichita St."
"304",1398.11884515677,"William & Mary"
"305",1478.08891554485,"Winthrop"
"306",1525.15469545124,"Wofford"
"307",1589.82227985904,"Wright St."
"308",1610.89967012363,"Xavier"
"309",1522.40310958779,"Yale"
"310",1245.37741223908,"Youngstown St."
