school,elo,rank
Georgia Tech,1972.9145003923466,1
Georgia,1971.6059176517288,2
UCLA,1943.7258085266953,3
North Carolina,1901.8610180913765,4
Arkansas,1872.629519043382,5
Kansas,1871.7593458369095,6
Auburn,1867.3368134054988,7
Texas,1849.9598152814294,8
Florida,1849.2498678108032,9
West Virginia,1829.082703968598,10
Texas A&M,1827.5578429044765,11
Mississippi St.,1815.8382904494363,12
Oregon,1811.9016579085303,13
Jacksonville St.,1811.481861531241,14
Southern Miss.,1809.8678310576158,15
Alabama,1796.1445052976876,16
Tennessee,1792.3688509565425,17
Nebraska,1790.97473597754,18
Oregon St.,1790.8987294974993,19
Oklahoma St.,1768.4108488960376,20
Florida St.,1762.5555375729523,21
Miami (FL),1759.3925621951626,22
Wake Forest,1754.418756953903,23
Ole Miss,1751.7092869933256,24
Southern California,1751.5691090740522,25
The Citadel,1737.7221167249897,26
Louisiana,1727.0132404161814,27
Arizona St.,1723.5845526366322,28
Vanderbilt,1722.7181817654775,29
East Carolina,1722.5618277719173,30
Pittsburgh,1719.450866050894,31
Liberty,1716.8542606348901,32
Oklahoma,1716.8276163911887,33
TCU,1710.1500973852594,34
Notre Dame,1709.7842961222952,35
Northeastern,1709.2627743605494,36
Cincinnati,1706.9087357319734,37
Virginia Tech,1705.1417988101566,38
Tarleton St.,1694.0817088581114,39
Cal Poly,1693.829313010153,40
Virginia,1691.8063058273167,41
Troy,1686.0644492469878,42
LSU,1685.6230532546722,43
UTSA,1681.2576877823067,44
UCF,1679.0228124003372,45
Mercer,1675.7630355005404,46
NC State,1673.0260781709487,47
Kentucky,1669.8299022165595,48
Kansas St.,1669.0984003355395,49
Boston College,1665.8412467188425,50
UC Santa Barbara,1665.3057500311695,51
Coastal Carolina,1663.9675708178615,52
St. John's (NY),1663.212323265221,53
Missouri St.,1662.2590576222674,54
Lamar University,1661.632224321464,55
Stanford,1659.668763417017,56
Campbell,1655.2357464369425,57
Clemson,1654.122466053861,58
Samford,1652.897614170431,59
VCU,1643.8698149796944,60
Texas St.,1641.916558458232,61
Iowa,1641.15751220105,62
California,1639.8689599298011,63
Michigan,1633.9675997441925,64
Little Rock,1629.9699386799862,65
Louisville,1628.4967829063248,66
California Baptist,1626.827603931546,67
DBU,1625.4919278092584,68
USC Upstate,1624.6913015829189,69
Duke,1623.2681607126399,70
Baylor,1623.2088852703944,71
Purdue,1622.1007384390225,72
Kent St.,1617.3167519791855,73
NIU,1613.6625871913789,74
South Alabama,1611.1634104565878,75
BYU,1609.1497342355403,76
Southeastern La.,1604.7131106041911,77
Sacramento St.,1603.1064012327417,78
UC San Diego,1602.5186349170306,79
Rice,1600.208617794751,80
Xavier,1597.7984326992844,81
Missouri,1595.6313473472812,82
Ohio St.,1591.4591091174732,83
Gonzaga,1591.1428095824758,84
Creighton,1589.9633329006417,85
Western Caro.,1589.149801687664,86
San Diego St.,1586.3092484473848,87
Miami (OH),1583.9318002722487,88
Michigan St.,1583.1448494876843,89
Yale,1582.9360936436915,90
UC Irvine,1580.1119882239304,91
Washington St.,1579.8640888135997,92
Minnesota,1579.1962785216656,93
Louisiana Tech,1577.7241670372237,94
Rider,1576.845675863982,95
Washington,1575.8944786040695,96
Utah,1574.2476673916447,97
Arizona,1574.012137823015,98
Saint Mary's (CA),1572.565552699916,99
Houston,1570.881644495215,100
Wichita St.,1570.3005757828164,101
Western Ky.,1570.1732593661993,102
South Fla.,1567.5176616642364,103
Texas Tech,1567.3873234793593,104
Southeast Mo. St.,1563.2614051117866,105
High Point,1563.0806055910948,106
Old Dominion,1562.9234502567967,107
Longwood,1562.377532110262,108
Binghamton,1561.0533407275593,109
Charlotte,1560.1426322219265,110
Lipscomb,1559.4913480343675,111
UAB,1559.0582070975306,112
Arkansas St.,1558.112365884914,113
Indiana,1556.8487448949643,114
Kennesaw St.,1555.584490772423,115
UIC,1551.9382756443506,116
SIUE,1551.3869084879777,117
Toledo,1551.2526076122247,118
UConn,1551.1266926975052,119
FGCU,1549.4664895242847,120
Memphis,1549.4655572548995,121
Eastern Ill.,1546.938905162819,122
UC Davis,1546.9122920592788,123
ETSU,1545.282748983033,124
McNeese,1543.333404448407,125
Maryland,1542.7467580940204,126
Illinois,1539.9538471587377,127
Saint Joseph's,1537.6032714942232,128
Jacksonville,1535.4820997412282,129
UNCW,1534.8722926296618,130
Hawaii,1533.452159210291,131
Georgia St.,1532.8121706840263,132
Fla. Atlantic,1531.4356964940748,133
UTRGV,1530.9678438365406,134
George Mason,1528.7960357256213,135
Rhode Island,1528.5098267109786,136
Utah Tech,1527.441111642127,137
Wofford,1526.1274919050993,138
App State,1525.0237794066,139
New Orleans,1519.697241668835,140
Tulane,1517.64386781486,141
San Jose St.,1516.5593253564375,142
N.C. Central,1514.3830740034236,143
Air Force,1514.2728871398974,144
South Carolina,1510.6238080120747,145
Sam Houston,1510.3610022668986,146
Hofstra,1510.0456375673716,147
Richmond,1509.9333026641502,148
Col. of Charleston,1508.4130479391238,149
Milwaukee,1507.64149283321,150
Murray St.,1507.24312734265,151
San Francisco,1507.0478167486106,152
Cal St. Fullerton,1505.3439030111153,153
North Ala.,1504.3685131118407,154
Alabama St.,1504.310746819157,155
Rutgers,1500.4442111003252,156
Fairfield,1500.2256286815755,157
Santa Clara,1499.1346151733478,158
Grand Canyon,1494.4391324605774,159
UNC Greensboro,1490.7207528529566,160
Houston Christian,1489.9541606020846,161
Southern Ill.,1489.4545763189783,162
Northwestern,1489.398663957691,163
Oral Roberts,1486.8562379754514,164
North Florida,1485.04338283682,165
Monmouth,1484.808930721219,166
Morehead St.,1484.6720902064499,167
UNLV,1483.475546635684,168
Charleston So.,1482.793651562964,169
LIU,1480.6401974249482,170
Dayton,1479.312391162039,171
Holy Cross,1477.8810762153366,172
ULM,1472.294328664392,173
Indiana St.,1467.170592653839,174
Western Mich.,1467.0744842964673,175
CSUN,1466.6863530408452,176
Stony Brook,1465.4496491830475,177
Penn St.,1465.2251081462027,178
New Mexico,1464.9320781397494,179
Maine,1459.3762578299948,180
SFA,1458.1241990886735,181
Central Ark.,1457.2945998053738,182
Bucknell,1454.5429809996897,183
Abilene Christian,1453.5373774329073,184
Columbia,1452.4571008747632,185
Stetson,1451.7251571975999,186
Brown,1451.6958309658644,187
Ga. Southern,1451.606292482319,188
FIU,1451.5274562130471,189
James Madison,1449.8065618725045,190
Portland,1448.61928213675,191
San Diego,1446.2700977668185,192
Florida A&M,1444.6920229458108,193
Lindenwood,1444.479321888225,194
Marshall,1444.2743527035113,195
Winthrop,1443.878130491755,196
Illinois St.,1441.7034567932433,197
Southern Ind.,1440.5274657387083,198
CSU Bakersfield,1440.4766458843055,199
A&M-Corpus Christi,1439.78195716844,200
Nicholls,1437.0310665881614,201
Middle Tenn.,1436.1714542335822,202
Army West Point,1434.443530464749,203
Radford,1434.198034378914,204
South Dakota St.,1433.4150211109823,205
Delaware,1431.5661144563996,206
Bethune-Cookman,1430.5935414622493,207
Wright St.,1429.9141175483092,208
Navy,1429.793310880717,209
Marist,1428.383075565466,210
Nevada,1422.6299274622093,211
Niagara,1422.5382912566615,212
Northwestern St.,1417.4959337921373,213
New Mexico St.,1416.0209470846657,214
Penn,1414.895009666874,215
Pacific,1414.3665831038759,216
Villanova,1408.926165332598,217
UT Arlington,1406.544597098592,218
Omaha,1405.470696336396,219
Davidson,1403.9125498768476,220
Long Beach St.,1402.3355442063728,221
Bryant,1401.9810303503048,222
Gardner-Webb,1399.3789648691397,223
Evansville,1398.3004798745965,224
Georgetown,1396.581477214155,225
UT Martin,1395.746928300186,226
Pepperdine,1395.6284359446374,227
UMBC,1394.0960095056025,228
Towson,1392.6564646342676,229
Belmont,1392.5122734613738,230
Butler,1391.8597986670695,231
Fordham,1389.2195813728968,232
La Salle,1387.6651024928374,233
Central Mich.,1386.9906536529975,234
Quinnipiac,1385.1343794332852,235
Merrimack,1382.4253513812337,236
Seattle U,1380.6109882505932,237
Southern U.,1377.949512196494,238
Elon,1376.9364898027134,239
FDU,1376.8687373899177,240
William & Mary,1373.835772890683,241
Austin Peay,1373.7999449538397,242
VMI,1369.285854279343,243
Ball St.,1366.5570143976668,244
UIW,1365.5687920416703,245
UNC Asheville,1362.94028924431,246
Harvard,1359.250826611184,247
Eastern Ky.,1357.9218186370483,248
Eastern Mich.,1357.8302045237917,249
Saint Louis,1357.409215048962,250
Utah Valley,1355.834143710648,251
Wagner,1355.237054689487,252
North Dakota St.,1354.3413236981394,253
Northern Colo.,1352.1267852006904,254
Princeton,1349.846608543896,255
UC Riverside,1348.0936962167852,256
Tennessee Tech,1346.524617580445,257
Northern Ky.,1344.4848055170582,258
N.C. A&T,1342.8109703663565,259
Seton Hall,1335.8583576666833,260
Fresno St.,1335.0841247672001,261
Dartmouth,1334.8800010552297,262
UMass Lowell,1333.6356459549438,263
Queens (NC),1333.1392230526767,264
Canisius,1330.3110121513475,265
Mount St. Mary's,1330.1977897032466,266
Sacred Heart,1326.8179456708403,267
Cornell,1325.7779122981667,268
Western Ill.,1320.209443490019,269
Akron,1318.7400242114293,270
Ark.-Pine Bluff,1318.609715568675,271
Massachusetts,1317.1378354635387,272
West Ga.,1315.8751904956473,273
Manhattan,1313.457029796059,274
Bowling Green,1312.3178787364814,275
George Washington,1309.829591035261,276
Bellarmine,1309.3758066636121,277
St. Thomas (MN),1307.7946295787362,278
Youngstown St.,1305.3685863839185,279
Iona,1305.3252223641966,280
Lehigh,1303.503017358524,281
NJIT,1302.5342651784229,282
Siena,1300.322494980258,283
Le Moyne,1289.9808407329604,284
St. Bonaventure,1286.1140004680553,285
Bradley,1282.4163182830966,286
Presbyterian,1281.48254756509,287
Lafayette,1278.3014630202238,288
UAlbany,1273.5973733195237,289
Oakland,1272.6422158311962,290
LMU (CA),1270.5778952063372,291
Grambling,1266.0697596829211,292
Stonehill,1265.295028217858,293
Hartford,1263.002297508161,294
Ohio,1253.5135658568013,295
Valparaiso,1247.444550226204,296
Purdue Fort Wayne,1232.1359785234386,297
Jackson St.,1231.9998770306088,298
Texas Southern,1227.8741021434541,299
Central Conn. St.,1227.1580523706284,300
Mercyhurst,1185.587295964449,301
New Haven,1178.1980640676761,302
Prairie View,1161.7082704885524,303
Norfolk St.,1153.6409342996085,304
Coppin St.,1091.7617292997463,305
Mississippi Val.,1076.7108578607313,306
Delaware St.,1073.7663044393296,307
Saint Peter's,1063.117992638268,308
UMES,1015.8792736204514,309
Alabama A&M,987.3892156000775,310
Alcorn,926.9020218068808,311
