Date,home_team,away_team,home_score,away_score,doubleheader_game,neutral_site,game_result,team_name,team_slug,opp_slug,is_away,innings,venue,year,season_id
02/13/2026,Western Kentucky,BYU,2,3,0,0,L,Western Kentucky,Western-Kentucky,BYU,0,9,"Bowling Green, KY / Nick Denes Field",2026,WN2026
02/13/2026,Western Kentucky,BYU,5,2,0,0,W,Western Kentucky,Western-Kentucky,BYU,0,9,"Bowling Green, KY / Nick Denes Field",2026,WN2026
02/14/2026,Western Kentucky,BYU,4,2,0,0,W,Western Kentucky,Western-Kentucky,BYU,0,9,"Bowling Green, KY / Nick Denes Field",2026,WN2026
02/16/2026,Western Kentucky,BYU,8,12,0,0,L,Western Kentucky,Western-Kentucky,BYU,0,9,"Bowling Green, KY / Nick Denes Field",2026,WN2026
02/20/2026,Western Kentucky,Southeast Missouri,4,2,0,0,W,Western Kentucky,Western-Kentucky,Southeast-Missouri,0,9,"Bowling Green, KY / Nick Denes Field",2026,WN2026
02/20/2026,Western Kentucky,Southeast Missouri,4,2,0,0,W,Western Kentucky,Western-Kentucky,Southeast-Missouri,0,9,"Bowling Green, KY / Nick Denes Field",2026,WN2026
02/21/2026,Western Kentucky,Southeast Missouri,7,8,0,0,L,Western Kentucky,Western-Kentucky,Southeast-Missouri,0,9,"Bowling Green, KY / Nick Denes Field",2026,WN2026
02/21/2026,Western Kentucky,Southeast Missouri,12,4,0,0,W,Western Kentucky,Western-Kentucky,Southeast-Missouri,0,9,"Bowling Green, KY / Nick Denes Field",2026,WN2026
02/25/2026,Kentucky,Western Kentucky,13,9,0,0,L,Western Kentucky,Western-Kentucky,Kentucky,1,9,"Lexington, KY / Kentucky Proud Park",2026,WN2026
02/27/2026,Western Kentucky,Indiana,4,1,0,0,W,Western Kentucky,Western-Kentucky,Indiana,0,9,"Bowling Green, KY / Nick Denes Field",2026,WN2026
02/28/2026,Western Kentucky,Indiana,1,3,0,0,L,Western Kentucky,Western-Kentucky,Indiana,0,9,"Bowling Green, KY / Nick Denes Field",2026,WN2026
02/28/2026,Western Kentucky,Indiana,14,12,0,0,W,Western Kentucky,Western-Kentucky,Indiana,0,9,"Bowling Green, KY / Nick Denes Field",2026,WN2026
03/01/2026,Western Kentucky,Indiana,3,7,0,0,L,Western Kentucky,Western-Kentucky,Indiana,0,9,"Bowling Green, KY / Nick Denes Field",2026,WN2026
03/03/2026,Western Kentucky,Cincinnati,2,5,0,0,L,Western Kentucky,Western-Kentucky,Cincinnati,0,9,"Cincinnati, OH / UC Baseball Stadium",2026,WN2026
03/06/2026,Western Kentucky,Indiana State,6,5,0,0,W,Western Kentucky,Western-Kentucky,Indiana-State,0,10,"Bowling Green, KY / Nick Denes Field",2026,WN2026
03/07/2026,Western Kentucky,Indiana State,6,11,0,0,L,Western Kentucky,Western-Kentucky,Indiana-State,0,9,"Bowling Green, KY / Nick Denes Field",2026,WN2026
03/08/2026,Western Kentucky,Indiana State,7,4,0,0,W,Western Kentucky,Western-Kentucky,Indiana-State,0,9,"Bowling Green, KY / Nick Denes Field",2026,WN2026
03/13/2026,Western Kentucky,FIU,15,4,0,0,W,Western Kentucky,Western-Kentucky,FIU,0,7,"Bowling Green, KY / Nick Denes Field",2026,WN2026
03/14/2026,Western Kentucky,FIU,5,4,0,0,W,Western Kentucky,Western-Kentucky,FIU,0,10,"Bowling Green, KY / Nick Denes Field",2026,WN2026
03/15/2026,Western Kentucky,FIU,9,3,0,0,W,Western Kentucky,Western-Kentucky,FIU,0,9,"Bowling Green, KY / Nick Denes Field",2026,WN2026
03/18/2026,Belmont,Western Kentucky,2,7,0,1,W,Western Kentucky,Western-Kentucky,Belmont,0,9,"Nashville, TN / E. S. Rose Park",2026,WN2026
03/20/2026,Jacksonville State,Western Kentucky,10,3,0,0,L,Western Kentucky,Western-Kentucky,Jacksonville-State,1,9,"Jacksonville, AL / Rudy Abbott Field",2026,WN2026
03/21/2026,Jacksonville State,Western Kentucky,6,2,0,0,L,Western Kentucky,Western-Kentucky,Jacksonville-State,1,9,"Jacksonville, AL / Rudy Abbott Field",2026,WN2026
03/22/2026,Jacksonville State,Western Kentucky,10,0,0,0,L,Western Kentucky,Western-Kentucky,Jacksonville-State,1,8,"Jacksonville, AL / Rudy Abbott Field",2026,WN2026
03/24/2026,Western Kentucky,Louisville,10,5,0,0,W,Western Kentucky,Western-Kentucky,Louisville,0,9,"Bowling Green, KY / Nick Denes Field",2026,WN2026
03/27/2026,Sam Houston State,Western Kentucky,1,0,0,0,L,Western Kentucky,Western-Kentucky,Sam-Houston-State,1,9,"Huntsville, TX / Don Sanders Stadium",2026,WN2026
03/28/2026,Sam Houston State,Western Kentucky,11,5,0,0,L,Western Kentucky,Western-Kentucky,Sam-Houston-State,1,9,"Huntsville, TX / Don Sanders Stadium",2026,WN2026
03/29/2026,Sam Houston State,Western Kentucky,2,8,0,0,W,Western Kentucky,Western-Kentucky,Sam-Houston-State,1,9,"Huntsville, TX / Don Sanders Stadium",2026,WN2026
03/31/2026,Western Kentucky,Tennessee Tech,12,0,0,0,W,Western Kentucky,Western-Kentucky,Tennessee-Tech,0,7,"Bowling Green, KY / Nick Denes Field",2026,WN2026
04/02/2026,Western Kentucky,Liberty,3,8,0,0,L,Western Kentucky,Western-Kentucky,Liberty,0,9,"Bowling Green, KY / Nick Denes Field",2026,WN2026
04/03/2026,Western Kentucky,Liberty,2,6,0,0,L,Western Kentucky,Western-Kentucky,Liberty,0,9,"Bowling Green, KY / Nick Denes Field",2026,WN2026
04/04/2026,Western Kentucky,Liberty,5,6,0,0,L,Western Kentucky,Western-Kentucky,Liberty,0,9,"Bowling Green, KY / Nick Denes Field",2026,WN2026
04/07/2026,Western Kentucky,Belmont,9,8,0,0,W,Western Kentucky,Western-Kentucky,Belmont,0,9,"Bowling Green, KY / Nick Denes Field",2026,WN2026
04/10/2026,Western Kentucky,New Mexico State,7,3,0,0,W,Western Kentucky,Western-Kentucky,New-Mexico-State,0,9,"Bowling Green, KY / Nick Denes Field",2026,WN2026
04/11/2026,Western Kentucky,New Mexico State,9,4,0,0,W,Western Kentucky,Western-Kentucky,New-Mexico-State,0,9,"Bowling Green, KY / Nick Denes Field",2026,WN2026
04/12/2026,Western Kentucky,New Mexico State,7,10,0,0,L,Western Kentucky,Western-Kentucky,New-Mexico-State,0,9,"Bowling Green, KY / Nick Denes Field",2026,WN2026
04/14/2026,Louisville,Western Kentucky,7,3,0,0,L,Western Kentucky,Western-Kentucky,Louisville,1,9,"Louisville, KY / Jim Patterson Stadium",2026,WN2026
04/17/2026,Missouri State,Western Kentucky,15,10,0,0,L,Western Kentucky,Western-Kentucky,Missouri-State,1,9,"Springfield, MO / Hammons Field",2026,WN2026
04/18/2026,Missouri State,Western Kentucky,8,6,0,0,L,Western Kentucky,Western-Kentucky,Missouri-State,1,12,"Springfield, MO / Hammons Field",2026,WN2026
04/19/2026,Missouri State,Western Kentucky,5,10,0,0,W,Western Kentucky,Western-Kentucky,Missouri-State,1,9,"Springfield, MO / Hammons Field",2026,WN2026
04/21/2026,Eastern Kentucky,Western Kentucky,0,13,0,0,W,Western Kentucky,Western-Kentucky,Eastern-Kentucky,1,7,"Richmond, KY / Turkey Hughes Field",2026,WN2026
04/22/2026,Western Kentucky,Austin Peay,6,4,0,0,W,Western Kentucky,Western-Kentucky,Austin-Peay,0,9,"Bowling Green, KY / Nick Denes Field",2026,WN2026
04/24/2026,Western Kentucky,Kennesaw State,9,8,0,0,W,Western Kentucky,Western-Kentucky,Kennesaw-State,0,9,"Bowling Green, KY / Nick Denes Field",2026,WN2026
04/25/2026,Western Kentucky,Kennesaw State,8,6,0,0,W,Western Kentucky,Western-Kentucky,Kennesaw-State,0,9,"Bowling Green, KY / Nick Denes Field",2026,WN2026
04/26/2026,Western Kentucky,Kennesaw State,6,9,0,0,L,Western Kentucky,Western-Kentucky,Kennesaw-State,0,9,"Bowling Green, KY / Nick Denes Field",2026,WN2026
05/01/2026,Middle Tennessee,Western Kentucky,7,1,0,0,L,Western Kentucky,Western-Kentucky,Middle-Tennessee,1,9,"Murfreesboro, TN / Reese Smith Jr. Field",2026,WN2026
05/02/2026,Middle Tennessee,Western Kentucky,0,11,0,0,W,Western Kentucky,Western-Kentucky,Middle-Tennessee,1,8,"Murfreesboro, TN / Reese Smith Jr. Field",2026,WN2026
05/03/2026,Middle Tennessee,Western Kentucky,8,9,0,0,W,Western Kentucky,Western-Kentucky,Middle-Tennessee,1,9,"Murfreesboro, TN / Reese Smith Jr. Field",2026,WN2026
05/06/2026,Western Kentucky,Eastern Kentucky,3,5,0,0,L,Western Kentucky,Western-Kentucky,Eastern-Kentucky,0,9,"Bowling Green, KY / Nick Denes Field",2026,WN2026
05/08/2026,Western Kentucky,Dallas Baptist,7,4,0,0,W,Western Kentucky,Western-Kentucky,Dallas-Baptist,0,9,"Bowling Green, KY / Nick Denes Field / Box Score",2026,WN2026
05/09/2026,Western Kentucky,Dallas Baptist,3,5,0,0,L,Western Kentucky,Western-Kentucky,Dallas-Baptist,0,9,"Bowling Green, KY / Nick Denes Field / Box Score",2026,WN2026
05/10/2026,Western Kentucky,Dallas Baptist,11,8,0,0,W,Western Kentucky,Western-Kentucky,Dallas-Baptist,0,9,"Bowling Green, KY / Nick Denes Field / Box Score",2026,WN2026
05/14/2026,Delaware,Western Kentucky,7,3,0,0,L,Western Kentucky,Western-Kentucky,Delaware,1,9,"Newark, DE / Bob Hannah Stadium / Box Score",2026,WN2026
05/15/2026,Delaware,Western Kentucky,0,3,0,0,W,Western Kentucky,Western-Kentucky,Delaware,1,9,"Newark, DE / Bob Hannah Stadium / Box Score",2026,WN2026
05/16/2026,Delaware,Western Kentucky,6,3,0,0,L,Western Kentucky,Western-Kentucky,Delaware,1,9,"Newark, DE / Bob Hannah Stadium / Box Score",2026,WN2026
05/20/2026,Middle Tennessee,Western Kentucky,2,8,0,1,W,Western Kentucky,Western-Kentucky,Middle-Tennessee,0,9,"Kennesaw, GA / Mickey Dunn Stadium",2026,WN2026
05/22/2026,Jacksonville State,Western Kentucky,12,11,0,1,L,Western Kentucky,Western-Kentucky,Jacksonville-State,0,9,"Kennesaw, GA / Mickey Dunn Stadium",2026,WN2026
